<?xml version="1.0" ?>
<config xmlns:xsi="http://www.w3.org/2001/XMLSchema-instance" xsi:noNamespaceSchemaLocation="urn:magento:module:Magento_Config:etc/system_file.xsd">
	<system>
		<tab id="samoptions" translate="label">
			<label>Sam Options</label>
		</tab>
		<section id="general" showInDefault="1" showInStore="1" showInWebsite="1" sortOrder="10" translate="label">
			<label>general</label>
			<tab>themeoptions</tab>
			<resource>Samair_Options::config_samair_options</resource>
			<group id="simpletext" showInDefault="1" showInStore="1" showInWebsite="1" sortOrder="10" translate="label">
				<label>themeoptions</label>
				<field id="afternav" showInDefault="1" showInStore="1" showInWebsite="1" sortOrder="10" translate="label" type="text">
					<label>afternav</label>
					<comment/>
				</field>
			</group>
		</section>
	</system>
</config>
